{"cameraMode":{"drawMode":0,"name":"Shaded","section":"Shading Mode"},"sceneLighting":true,"audioPlay":false,"sceneViewState":{"m_AlwaysRefresh":false,"showFog":true,"showSkybox":true,"showFlares":true,"showImageEffects":true,"showParticleSystems":true,"showVisualEffectGraphs":true,"m_FxEnabled":true},"in2DMode":false,"pivot":{"x":144.01499938964845,"y":7.3249969482421879,"z":130.32400512695313},"rotation":{"x":0.3881879448890686,"y":0.11509984731674195,"z":-0.048935454338788989,"w":0.9130564332008362},"size":4.97420597076416,"orthographic":true}