{"cameraMode":{"drawMode":0,"name":"Shaded","section":"Shading Mode"},"sceneLighting":true,"audioPlay":false,"sceneViewState":{"m_AlwaysRefresh":false,"showFog":true,"showSkybox":true,"showFlares":true,"showImageEffects":true,"showParticleSystems":true,"showVisualEffectGraphs":true,"m_FxEnabled":true},"in2DMode":false,"pivot":{"x":234.17401123046876,"y":-80.63703155517578,"z":306.83465576171877},"rotation":{"x":0.20834894478321076,"y":0.21795091032981873,"z":-0.047686006873846057,"w":0.9522680044174194},"size":253.95045471191407,"orthographic":false}