{"cameraMode":{"drawMode":0,"name":"Shaded","section":"Shading Mode"},"sceneLighting":true,"audioPlay":false,"sceneViewState":{"m_AlwaysRefresh":false,"showFog":true,"showSkybox":true,"showFlares":true,"showImageEffects":true,"showParticleSystems":true,"showVisualEffectGraphs":true,"m_FxEnabled":true},"in2DMode":false,"pivot":{"x":431.8482360839844,"y":9.362960815429688,"z":205.34341430664063},"rotation":{"x":0.3424261212348938,"y":-0.0033834862988442184,"z":0.0012328049633651972,"w":0.9395395517349243},"size":278.33502197265627,"orthographic":true}