{"cameraMode":{"drawMode":0,"name":"Shaded","section":"Shading Mode"},"sceneLighting":true,"audioPlay":false,"sceneViewState":{"m_AlwaysRefresh":false,"showFog":true,"showSkybox":true,"showFlares":true,"showImageEffects":true,"showParticleSystems":true,"showVisualEffectGraphs":true,"m_FxEnabled":true},"in2DMode":false,"pivot":{"x":45.47682189941406,"y":-47.98542785644531,"z":146.99185180664063},"rotation":{"x":0.3525778353214264,"y":0.19661611318588258,"z":-0.07603432238101959,"w":0.9117307662963867},"size":278.33502197265627,"orthographic":true}