{"cameraMode":{"drawMode":0,"name":"Shaded","section":"Shading Mode"},"sceneLighting":true,"audioPlay":false,"sceneViewState":{"m_AlwaysRefresh":false,"showFog":true,"showSkybox":true,"showFlares":true,"showImageEffects":true,"showParticleSystems":true,"showVisualEffectGraphs":true,"m_FxEnabled":true},"in2DMode":false,"pivot":{"x":5.042566776275635,"y":1.9129133224487305,"z":53.112213134765628},"rotation":{"x":0.026737704873085023,"y":0.9694282412528992,"z":-0.21058039367198945,"w":0.12309012562036514},"size":11.419110298156739,"orthographic":false}