{"cameraMode":{"drawMode":0,"name":"Shaded","section":"Shading Mode"},"sceneLighting":true,"audioPlay":false,"sceneViewState":{"m_AlwaysRefresh":false,"showFog":true,"showSkybox":true,"showFlares":true,"showImageEffects":true,"showParticleSystems":true,"showVisualEffectGraphs":true,"m_FxEnabled":true},"in2DMode":false,"pivot":{"x":-116.00308990478516,"y":56.73078918457031,"z":51.2823486328125},"rotation":{"x":-0.5759711861610413,"y":-0.005643041338771582,"z":0.003974715247750282,"w":-0.8174386024475098},"size":209.66233825683595,"orthographic":false}